problem_name,n_objectives,method,selected,knee_error,KD,KGD,KIGD,supported_knee_count,all_knee_count,R_reported,R_validation,audit_gap
PMOP1,3,TAFR-meaningful-gain,True,0.0,0.22819265170287722,0.0,0.27865186003198444,4.0,4.0,0.3752371328259213,0.3752371328259213,0.0
PMOP1,3,equal,True,0.0,0.22819265170287722,0.0,0.27865186003198444,4.0,4.0,,0.4199480265512403,
PMOP1,3,CHIM-posthoc,False,,0.9268486938579928,0.5141073803944566,0.9213786399981193,4.0,4.0,,,
PMOP1,3,TPE-2024-grid,True,0.6905818755643177,0.9268486938579928,0.5141073803944566,0.9213786399981193,4.0,4.0,,0.0,
PMOP2,3,TAFR-meaningful-gain,False,,,,,0.0,4.0,,,
PMOP2,3,equal,True,0.5715594945818983,0.9065707610905238,0.3896508616903072,0.8618230379185873,0.0,4.0,,1.4037932946909668,
PMOP2,3,CHIM-posthoc,False,,0.8174720857035269,0.07551068007033926,0.8704702494887564,0.0,4.0,,,
PMOP2,3,TPE-2024-grid,True,0.6021503791416423,1.0462800530760397,0.4217009914747763,1.057251070174166,0.0,4.0,,0.0,
PMOP3,3,TAFR-meaningful-gain,True,0.11669933417091827,0.48995521675331155,0.0011407121956423553,0.497190808907205,4.0,4.0,0.17898330399034898,0.17898330399034898,0.0
PMOP3,3,equal,True,0.16348216384037711,0.35131125653983486,0.0010665375470114335,0.35176423932647655,4.0,4.0,,0.19294613757508078,
PMOP3,3,CHIM-posthoc,False,,0.9818275058386567,0.48318352694381944,0.9747350022758084,4.0,4.0,,,
PMOP3,3,TPE-2024-grid,True,0.03568003048782096,0.4164710646129508,0.0,0.43042200059016816,4.0,4.0,,0.11500852418922322,
PMOP4,3,TAFR-meaningful-gain,False,,,,,0.0,4.0,,,
PMOP4,3,equal,True,0.4060927229784399,0.7473487239393584,0.28106704459305476,0.7363407721004962,0.0,4.0,,1.3825006927959045,
PMOP4,3,CHIM-posthoc,False,,0.926988724368414,0.2995575163310687,0.9685571401641935,0.0,4.0,,,
PMOP4,3,TPE-2024-grid,True,0.4060927229784399,0.7473487239393584,0.28106704459305476,0.7363407721004962,0.0,4.0,,0.0,
PMOP5,3,TAFR-meaningful-gain,True,0.0,0.22237859663462017,0.0,0.2606536345974393,4.0,4.0,0.9987009449553855,0.9987009449553855,0.0
PMOP5,3,equal,True,0.0,0.22237859663462017,0.0,0.2606536345974393,4.0,4.0,,0.9987009449553855,
PMOP5,3,CHIM-posthoc,False,,0.7695952586218837,0.42943325038868874,0.7817514767673726,4.0,4.0,,,
PMOP5,3,TPE-2024-grid,True,0.5922767751286149,0.7435306286694889,0.45238351721978337,0.7347531572661054,4.0,4.0,,0.0,
PMOP6,3,TAFR-meaningful-gain,True,0.007942008187402639,0.007942008187402639,0.0,0.14147848724807044,4.0,4.0,0.007942008187402639,0.007942008187402639,0.0
PMOP6,3,equal,True,0.007942008187402639,0.007942008187402639,0.0,0.14147848724807044,4.0,4.0,,0.01218155982189499,
PMOP6,3,CHIM-posthoc,False,,0.9629377915112709,0.7686531315127934,0.9525769227219806,4.0,4.0,,,
PMOP6,3,TPE-2024-grid,True,0.007942008187402639,0.007942008187402639,0.0,0.14147848724807044,4.0,4.0,,0.007942008187402639,
PMOP7,3,TAFR-meaningful-gain,False,,,,,4.0,4.0,,,
PMOP7,3,equal,True,0.0,0.33285984786365636,0.0,0.3886524133504526,4.0,4.0,,1.2963988212200186,
PMOP7,3,CHIM-posthoc,False,,1.1054661207035759,0.5992631054996791,1.0715823973642635,4.0,4.0,,,
PMOP7,3,TPE-2024-grid,True,0.16391380195469846,0.47631484573495003,0.0048200863936394955,0.5105840262161259,4.0,4.0,,0.0,
PMOP8,3,TAFR-meaningful-gain,True,0.33857935417926216,0.6280917959489617,0.14224013957205578,0.6380977126948927,0.0,4.0,0.0,0.0,0.0
PMOP8,3,equal,True,0.33857935417926216,0.6280917959489617,0.14224013957205578,0.6380977126948927,0.0,4.0,,1.3313736029769916,
PMOP8,3,CHIM-posthoc,False,,0.93463638433274,0.3325654652175839,0.9564642316269015,0.0,4.0,,,
PMOP8,3,TPE-2024-grid,True,0.33857935417926216,0.6280917959489617,0.14224013957205578,0.6380977126948927,0.0,4.0,,0.0,
PMOP9,3,TAFR-meaningful-gain,True,0.0,0.0,0.0,0.09436627674175613,4.0,4.0,0.004585547008604007,0.004585547008604007,0.0
PMOP9,3,equal,True,0.009132934552300617,0.009132934552300617,0.0,0.09603785744517537,4.0,4.0,,0.009132934552300617,
PMOP9,3,CHIM-posthoc,False,,0.9633273057327826,0.8430884988244544,0.9568682303205774,4.0,4.0,,,
PMOP9,3,TPE-2024-grid,True,0.0,0.0,0.0,0.09436627674175613,4.0,4.0,,0.004585547008604007,
PMOP10,3,TAFR-meaningful-gain,True,0.0,0.23447219224873217,0.0,0.2770979593980409,4.0,4.0,1.008273299063704,1.008273299063704,0.0
PMOP10,3,equal,True,0.0,0.23447219224873217,0.0,0.2770979593980409,4.0,4.0,,1.008273299063704,
PMOP10,3,CHIM-posthoc,False,,0.7660007245488234,0.4477639494452311,0.7883026107895402,4.0,4.0,,,
PMOP10,3,TPE-2024-grid,True,0.7732013849874122,0.9432529150272109,0.632896238639617,0.9507981880730014,4.0,4.0,,0.0,
PMOP11,3,TAFR-meaningful-gain,True,0.1862292297700707,0.5255123481867466,0.026019784105756668,0.7127521525148213,0.0,4.0,0.05408811872327634,0.05408811872327634,0.0
PMOP11,3,equal,True,0.1862292297700707,0.5255123481867466,0.026019784105756668,0.7127521525148213,0.0,4.0,,1.3731110513839282,
PMOP11,3,CHIM-posthoc,False,,1.1201593284039053,0.6154485883419875,1.0350044240531613,0.0,4.0,,,
PMOP11,3,TPE-2024-grid,True,0.22409486134022602,0.5622373142935622,0.07606741326262242,0.7484276032304238,0.0,4.0,,0.0,
PMOP12,3,TAFR-meaningful-gain,True,0.061734801570855855,0.30984597356154736,0.0003770796464225598,0.3015310694565953,4.0,4.0,0.10499441271830226,0.10499441271830226,0.0
PMOP12,3,equal,True,0.06778636991347176,0.23734668016682728,0.00195779820323396,0.22871064409759354,4.0,4.0,,0.18568265352799668,
PMOP12,3,CHIM-posthoc,False,,0.9688306219143148,0.6647656965253866,0.9539103385465892,4.0,4.0,,,
PMOP12,3,TPE-2024-grid,True,0.02055341637542195,0.2705354073614374,0.003272227188933618,0.26870421999604704,4.0,4.0,,0.04602979304524417,
PMOP13,3,TAFR-meaningful-gain,True,0.0,0.19867985355975662,0.0,0.19867985355975662,101.0,101.0,0.0,0.0,0.0
PMOP13,3,equal,True,0.0,0.19867985355975662,0.0,0.19867985355975662,101.0,101.0,,0.3973597071195132,
PMOP13,3,CHIM-posthoc,False,,0.918117489649912,0.7719736069925506,0.918117489649912,101.0,101.0,,,
PMOP13,3,TPE-2024-grid,True,0.0,0.19867985355975662,0.0,0.19867985355975662,101.0,101.0,,0.0,
PMOP14,3,TAFR-meaningful-gain,True,0.0,0.2144409712401767,0.0,0.2144409712401767,101.0,101.0,0.06251235023723138,0.06251235023723138,0.0
PMOP14,3,equal,True,0.0,0.2144409712401767,0.0,0.2144409712401767,101.0,101.0,,0.4641720324719798,
PMOP14,3,CHIM-posthoc,False,,0.9171021435772078,0.759874371770155,0.9171021435772078,101.0,101.0,,,
PMOP14,3,TPE-2024-grid,True,0.759874371770155,0.9171021435772078,0.759874371770155,0.9171021435772078,101.0,101.0,,0.0,
PMOP1,5,TAFR-meaningful-gain,True,0.33510148753239266,0.5194334096256136,0.11638908400519488,0.5130904018334499,16.0,16.0,0.19375210296787318,0.19375210296787318,0.0
PMOP1,5,equal,True,0.0,0.21460476024262876,0.0,0.2663553915810135,16.0,16.0,,0.37225992796856056,
PMOP1,5,CHIM-posthoc,False,,1.0087827711804218,0.572367239488114,1.0181224474956563,16.0,16.0,,,
PMOP1,5,TPE-2024-grid,True,0.8596226125704987,1.0522345536641946,0.666131644068247,1.0720829437930648,16.0,16.0,,0.0,
PMOP2,5,TAFR-meaningful-gain,False,,,,,0.0,16.0,,,
PMOP2,5,equal,True,0.5484767743719902,0.8749090734789438,0.3146246095212928,0.7919608710368782,0.0,16.0,,1.390996281870937,
PMOP2,5,CHIM-posthoc,False,,1.181621615572897,0.45149036844842205,1.2289348543684133,0.0,16.0,,,
PMOP2,5,TPE-2024-grid,True,0.3791711076364597,1.0803214134716608,0.23081911679275113,1.1951554221286282,0.0,16.0,,0.0,
PMOP3,5,TAFR-meaningful-gain,True,0.0475634474620311,0.34482639416256067,0.022787021560289056,0.3333603391295252,16.0,16.0,0.1577260404172469,0.1577260404172469,0.0
PMOP3,5,equal,True,0.0475634474620311,0.34482639416256067,0.022787021560289056,0.3333603391295252,16.0,16.0,,0.1577260404172469,
PMOP3,5,CHIM-posthoc,False,,1.0485424476956267,0.5888550395282756,1.0375626726313023,16.0,16.0,,,
PMOP3,5,TPE-2024-grid,True,0.0475634474620311,0.34482639416256067,0.022787021560289056,0.3333603391295252,16.0,16.0,,0.1577260404172469,
PMOP4,5,TAFR-meaningful-gain,True,0.37997771671193503,0.6896336830847052,0.14465997482581255,0.7017623675525968,0.0,16.0,0.10403884152494663,0.10403884152494663,0.0
PMOP4,5,equal,True,0.37997771671193503,0.6896336830847052,0.14465997482581255,0.7017623675525968,0.0,16.0,,1.3423888809015607,
PMOP4,5,CHIM-posthoc,False,,1.0672350307296532,0.38307363968695013,1.1259836911356575,0.0,16.0,,,
PMOP4,5,TPE-2024-grid,True,0.5737015951711212,1.1190325494885338,0.43992933436256315,1.2054428137312014,0.0,16.0,,0.0,
PMOP5,5,TAFR-meaningful-gain,True,0.5038234799096832,0.6286841296631595,0.2866344603307322,0.604573338205901,16.0,16.0,0.1337325149219639,0.1337325149219639,0.0
PMOP5,5,equal,True,0.0,0.21595698877715444,0.0,0.3287127533513842,16.0,16.0,,0.9893397936313861,
PMOP5,5,CHIM-posthoc,False,,0.9717324674827619,0.6180993460161982,0.9952759099803002,16.0,16.0,,,
PMOP5,5,TPE-2024-grid,True,0.7987953268415294,0.9668278456088093,0.5843515560298032,1.0369891395764117,16.0,16.0,,0.0,
PMOP6,5,TAFR-meaningful-gain,True,0.0,0.0,0.0,0.18377131713624692,16.0,16.0,0.23609305729938493,0.23609305729938493,0.0
PMOP6,5,equal,True,0.0,0.0,0.0,0.18377131713624692,16.0,16.0,,0.23609305729938493,
PMOP6,5,CHIM-posthoc,False,,1.0007392869609706,0.7338036121342288,0.9836753763717427,16.0,16.0,,,
PMOP6,5,TPE-2024-grid,True,0.0,0.0,0.0,0.18377131713624692,16.0,16.0,,0.23609305729938493,
PMOP7,5,TAFR-meaningful-gain,False,,,,,16.0,16.0,,,
PMOP7,5,equal,True,0.0,0.3190000462491205,0.0,0.3931999368190171,16.0,16.0,,1.305520756569326,
PMOP7,5,CHIM-posthoc,False,,1.1489705366958356,0.567149413265511,1.1154242289436773,16.0,16.0,,,
PMOP7,5,TPE-2024-grid,True,0.9668741192424852,1.2117015998788152,0.7666231998562417,1.1725903719829407,16.0,16.0,,0.0,
PMOP8,5,TAFR-meaningful-gain,True,0.2829395771804554,0.5067979703775041,0.06880495963985336,0.5656083675020595,0.0,16.0,0.2838761882518957,0.2838761882518957,0.0
PMOP8,5,equal,True,0.2829395771804554,0.5067979703775041,0.06880495963985336,0.5656083675020595,0.0,16.0,,1.2293920331900674,
PMOP8,5,CHIM-posthoc,False,,1.057114637283852,0.5394248411040308,1.082663071061453,0.0,16.0,,,
PMOP8,5,TPE-2024-grid,True,0.6999388190375523,1.057114637283852,0.5124539919973224,1.0855321451229973,0.0,16.0,,0.0,
PMOP9,5,TAFR-meaningful-gain,True,0.0,0.0,0.0,0.1784867895426677,16.0,16.0,0.2383366096379177,0.2383366096379177,0.0
PMOP9,5,equal,True,0.0,0.0,0.0,0.1784867895426677,16.0,16.0,,0.2383366096379177,
PMOP9,5,CHIM-posthoc,False,,1.0004451140083936,0.7597011542857698,0.9810014932962855,16.0,16.0,,,
PMOP9,5,TPE-2024-grid,True,0.0,0.0,0.0,0.1784867895426677,16.0,16.0,,0.2383366096379177,
PMOP10,5,TAFR-meaningful-gain,True,0.5295254130157777,0.6689104392289053,0.33960105613157143,0.6669370233190486,16.0,16.0,0.0709728431112576,0.0709728431112576,0.0
PMOP10,5,equal,True,0.0,0.23985442900468384,0.0,0.36691278868968324,16.0,16.0,,0.997553802115769,
PMOP10,5,CHIM-posthoc,False,,0.9799033012706037,0.6345814014264246,1.0213376077553353,16.0,16.0,,,
PMOP10,5,TPE-2024-grid,True,0.7270204084663053,0.8927018587876961,0.4140993060363874,0.8596790088431647,16.0,16.0,,0.0,
PMOP11,5,TAFR-meaningful-gain,True,0.18587339480177703,0.49364491480747186,0.012851549341228188,0.7193012236013524,0.0,16.0,1.3303303809674083,1.3303303809674083,0.0
PMOP11,5,equal,True,0.18587339480177703,0.49364491480747186,0.012851549341228188,0.7193012236013524,0.0,16.0,,1.3303341358093725,
PMOP11,5,CHIM-posthoc,False,,1.2101941932396398,0.6766916152148278,1.2339036712385338,0.0,16.0,,,
PMOP11,5,TPE-2024-grid,True,0.9286523233385563,1.234517390920804,0.7986275853554454,1.2553449816911715,0.0,16.0,,0.0,
PMOP12,5,TAFR-meaningful-gain,True,0.01812633238955146,0.13449351845388557,0.016015031739021374,0.13116865413650172,16.0,16.0,0.07159180209413861,0.07358692015636702,0.001995118062228407
PMOP12,5,equal,True,0.01812633238955146,0.13449351845388557,0.016015031739021374,0.13116865413650172,16.0,16.0,,0.07358692015636702,
PMOP12,5,CHIM-posthoc,False,,0.9993253131865882,0.8534695162350027,0.9876078721403312,16.0,16.0,,,
PMOP12,5,TPE-2024-grid,True,0.01812633238955146,0.13449351845388557,0.016015031739021374,0.13116865413650172,16.0,16.0,,0.07358692015636702,
PMOP13,5,TAFR-meaningful-gain,True,0.0,0.0090558842317327,0.0,0.0090558842317327,1001.0,1001.0,0.9492906632466369,0.9492906632466369,0.0
PMOP13,5,equal,True,0.0,0.009055884231732703,0.0,0.009055884231732703,1001.0,1001.0,,0.018111768463465402,
PMOP13,5,CHIM-posthoc,False,,0.9889084239465582,0.988894574809066,0.9889084239465582,1001.0,1001.0,,,
PMOP13,5,TPE-2024-grid,True,0.0,0.009055884231732703,0.0,0.009055884231732703,1001.0,1001.0,,0.018111768463465402,
PMOP14,5,TAFR-meaningful-gain,True,0.028635256981241558,0.03270917321462436,0.028635256981241558,0.03270917321462436,2.0,1001.0,0.06914378961384024,0.06914378961384025,1.3877787807814457e-17
PMOP14,5,equal,True,0.028635256981241558,0.03270917321462436,0.028635256981241558,0.03270917321462436,2.0,1001.0,,0.06914378961384025,
PMOP14,5,CHIM-posthoc,False,,0.9779525231022358,0.9778460265309938,0.9779525231022358,2.0,1001.0,,,
PMOP14,5,TPE-2024-grid,True,0.028635256981241558,0.03270917321462436,0.028635256981241558,0.03270917321462436,2.0,1001.0,,0.06914378961384025,
PMOP1,8,TAFR-meaningful-gain,True,0.47186832568818554,0.7212367841415985,0.28594435229775456,0.7424512092586649,128.0,128.0,1.2604982771560547,1.2604982771560547,0.0
PMOP1,8,equal,True,0.0,0.21491552874023886,0.0,0.24930236736422307,128.0,128.0,,1.124943659890866,
PMOP1,8,CHIM-posthoc,False,,1.0095274830594767,0.5894737969875038,1.027522563545066,128.0,128.0,,,
PMOP1,8,TPE-2024-grid,True,0.0,0.21491552874023886,0.0,0.24930236736422307,128.0,128.0,,1.124943659890866,
PMOP2,8,TAFR-meaningful-gain,True,0.5259188516809404,0.8359395991314299,0.2768299356074795,0.8161960213298491,0.0,128.0,1.3654268615058829,1.3654268615058829,0.0
PMOP2,8,equal,True,0.5259188516809404,0.8359395991314299,0.2768299356074795,0.8161960213298491,0.0,128.0,,1.3654268615058829,
PMOP2,8,CHIM-posthoc,False,,1.153181527030117,0.43427551933441,1.2286687679881136,0.0,128.0,,,
PMOP2,8,TPE-2024-grid,True,0.5259188516809404,0.8359395991314299,0.2768299356074795,0.8161960213298491,0.0,128.0,,1.3654268615058829,
PMOP3,8,TAFR-meaningful-gain,True,0.09589462281009568,0.36428494892881813,0.04926563134529269,0.34652292198037754,128.0,128.0,0.9651326928041375,0.9651326928041376,1.1102230246251565e-16
PMOP3,8,equal,True,0.0,0.32922999284848986,0.0,0.3142912641338216,128.0,128.0,,0.15941424449991648,
PMOP3,8,CHIM-posthoc,False,,1.0426650834306213,0.6059617769198484,1.0282859650014253,128.0,128.0,,,
PMOP3,8,TPE-2024-grid,True,0.0,0.32922999284848986,0.0,0.3142912641338216,128.0,128.0,,0.15941424449991648,
PMOP4,8,TAFR-meaningful-gain,True,0.3740578760300155,0.6423982726430266,0.1372277824185772,0.6632960382632226,0.0,128.0,1.3140031285742815,1.3140031285742815,0.0
PMOP4,8,equal,True,0.3740578760300155,0.6423982726430266,0.1372277824185772,0.6632960382632226,0.0,128.0,,1.3140037818523151,
PMOP4,8,CHIM-posthoc,False,,1.1517353884263,0.6686783659431295,1.2512859028793564,0.0,128.0,,,
PMOP4,8,TPE-2024-grid,True,0.3740578760300155,0.6423982726430266,0.1372277824185772,0.6632960382632226,0.0,128.0,,1.3140031285742815,
PMOP5,8,TAFR-meaningful-gain,True,0.0,0.16633020941072807,0.0,0.2864397684378638,128.0,128.0,1.0067929631814327,1.0067929631814327,0.0
PMOP5,8,equal,True,0.0,0.16633020941072807,0.0,0.2864397684378638,128.0,128.0,,1.0067929631814327,
PMOP5,8,CHIM-posthoc,False,,0.959606563102438,0.62505145697384,0.9754690419586955,128.0,128.0,,,
PMOP5,8,TPE-2024-grid,True,0.0,0.16633020941072807,0.0,0.2864397684378638,128.0,128.0,,1.0067929631814327,
PMOP6,8,TAFR-meaningful-gain,True,0.0,0.0,0.0,0.5460071811778963,128.0,128.0,0.0,0.0,0.0
PMOP6,8,equal,True,0.0,0.0,0.0,0.5460071811778963,128.0,128.0,,0.0,
PMOP6,8,CHIM-posthoc,False,,0.9976652294257616,0.02499554099084408,1.031084324715863,128.0,128.0,,,
PMOP6,8,TPE-2024-grid,True,0.0,0.0,0.0,0.5460071811778963,128.0,128.0,,0.0,
PMOP7,8,TAFR-meaningful-gain,False,,,,,128.0,128.0,,,
PMOP7,8,equal,True,0.0,0.3160689759936999,0.0,0.3940074332438982,128.0,128.0,,1.3021184839685835,
PMOP7,8,CHIM-posthoc,False,,1.1463472735091356,0.5414235502464458,1.1120646537150494,128.0,128.0,,,
PMOP7,8,TPE-2024-grid,True,0.0,0.3160689759936999,0.0,0.3940074332438982,128.0,128.0,,1.3021184839685835,
PMOP8,8,TAFR-meaningful-gain,True,0.1888579092809791,0.33860550218267027,0.0036999585054244347,0.4339307504360389,0.0,128.0,1.1087462493608677,1.1087462493608677,0.0
PMOP8,8,equal,True,0.1888579092809791,0.33860550218267027,0.0036999585054244347,0.4339307504360389,0.0,128.0,,1.109149477512758,
PMOP8,8,CHIM-posthoc,False,,1.00258892753937,0.5641979420121364,1.014245483464833,0.0,128.0,,,
PMOP8,8,TPE-2024-grid,True,0.1888579092809791,0.33860550218267027,0.0036999585054244347,0.4339307504360389,0.0,128.0,,1.1087462493608677,
PMOP9,8,TAFR-meaningful-gain,True,0.0,0.0,0.0,0.24743620835742575,128.0,128.0,0.1868158942247585,0.1868158942247585,0.0
PMOP9,8,equal,True,0.0,0.0,0.0,0.24743620835742575,128.0,128.0,,0.1868158942247585,
PMOP9,8,CHIM-posthoc,False,,0.9969801514579332,0.6616785650135459,0.9637186365791368,128.0,128.0,,,
PMOP9,8,TPE-2024-grid,True,0.0,0.0,0.0,0.24743620835742575,128.0,128.0,,0.1868158942247585,
PMOP10,8,TAFR-meaningful-gain,True,0.0,0.19953366270822176,0.0,0.3508183995954153,128.0,128.0,1.0173426355626367,1.0173426355626367,0.0
PMOP10,8,equal,True,0.0,0.19953366270822176,0.0,0.3508183995954153,128.0,128.0,,1.0173426355626367,
PMOP10,8,CHIM-posthoc,False,,0.966686952207385,0.5045225145585323,1.0070828720350369,128.0,128.0,,,
PMOP10,8,TPE-2024-grid,True,0.49409721737318607,0.6282806381424424,0.17548795690141322,0.5525308901944148,128.0,128.0,,1.3322817331347196,
PMOP11,8,TAFR-meaningful-gain,True,0.18804911681258366,0.4561572719406365,0.0,0.636490642351601,14.0,128.0,1.2964491367833744,1.2964491367833744,0.0
PMOP11,8,equal,True,0.18804911681258366,0.4561572719406365,0.0,0.636490642351601,14.0,128.0,,1.2964491367833744,
PMOP11,8,CHIM-posthoc,False,,1.1542938365903614,0.6924851662450905,1.2131434035159032,14.0,128.0,,,
PMOP11,8,TPE-2024-grid,True,0.18804911681258366,0.4561572719406365,0.0,0.636490642351601,14.0,128.0,,1.2964491367833744,
PMOP12,8,TAFR-meaningful-gain,True,0.0,0.060653823346903515,0.0,0.09150019467063465,128.0,128.0,0.9929385652783269,0.9929385652783269,0.0
PMOP12,8,equal,True,0.0,0.06028801907644893,0.0,0.09134263969092374,128.0,128.0,,0.01310422769261665,
PMOP12,8,CHIM-posthoc,False,,0.9963459181471552,0.852276294936839,0.9853837100783985,128.0,128.0,,,
PMOP12,8,TPE-2024-grid,True,0.0,0.06028801907644893,0.0,0.09134263969092374,128.0,128.0,,0.01310422769261665,
PMOP13,8,TAFR-meaningful-gain,True,0.0,5.4672692812363313e-05,0.0,5.4672692812363313e-05,1001.0,1001.0,0.00010934538562472664,0.00010934538562472664,0.0
PMOP13,8,equal,True,0.0,5.4672692812363313e-05,0.0,5.4672692812363313e-05,1001.0,1001.0,,0.00010934538562472664,
PMOP13,8,CHIM-posthoc,False,,0.9993853423084177,0.9993853418089303,0.9993853423084177,1001.0,1001.0,,,
PMOP13,8,TPE-2024-grid,True,0.0,5.4672692812363313e-05,0.0,5.4672692812363313e-05,1001.0,1001.0,,0.00010934538562472664,
PMOP14,8,TAFR-meaningful-gain,True,0.0,0.0006157120482745899,0.0,0.0006157120482745899,1001.0,1001.0,0.019534140007012406,0.019534140007012406,0.0
PMOP14,8,equal,True,0.0,0.0006157120482745899,0.0,0.0006157120482745899,1001.0,1001.0,,0.019534140007012406,
PMOP14,8,CHIM-posthoc,False,,0.9935308143561673,0.993530750634015,0.9935308143561673,1001.0,1001.0,,,
PMOP14,8,TPE-2024-grid,True,0.0,0.0006157120482745899,0.0,0.0006157120482745899,1001.0,1001.0,,0.019534140007012406,
